Skill,Frequency
Python,90
SQL,70
Git,60
Java,50
C++,30
Docker,30
AWS,30
REST API,30
React,20
HTML5/CSS3,20
Algorithms,20
JavaScript,20
CI/CD,20
Linux,20
NumPy,20
Node.js,20
Pandas,20
MongoDB,20
Tableau,20
User Research,20
Machine Learning,20
System Design,10
TypeScript,10
PowerBI,10
Azure,10
Excel,10
Redux,10
Data Structures,10
GCP,10
Kubernetes,10
Data Analytics,10
Product Strategy,10
Roadmapping,10
A/B Testing,10
Figma,10
Agile/Scrum,10
Wireframing,10
Prototyping,10
Design Systems,10
UI Design,10
R,10
Scikit-Learn,10
Statistics,10
PyTorch,10
TensorFlow,10
Deep Learning,10
Selenium,10
PyTest,10
API Testing,10
Postman,10
Network Security,10
Cryptography,10
Penetration Testing,10
Cloud Security,10
OWASP,10
Kotlin,10
Swift,10
Flutter,10
React Native,10
iOS/Android,10
